{
  "poses": {
      "chakraCharging" :{
          "animDuration": -1,
          "animLength": 19,
          "locData": {
              "leftArmUpper": {
                  "posY": 4.099999904632568,
                  "posX": 5,
                  "posZ": -4.699999809265137,
                  "rotX": "1.44513267"
              },
              "upperBody": {
                  "posY": 3.200000047683716,
                  "posX": 0,
                  "posZ": -5.400000095367432,
                  "rotX": "0.62831853"
              },
              "rightLegUpper": {
                  "posY": 13.100000381469727,
                  "posX": -2,
                  "posZ": 0,
                  "rotX": "-0.62831853"
              },
              "lowerBody": {
                  "posY": 7.599999904632568,
                  "posX": 0,
                  "posZ": -2.0999999046325684,
                  "rotX": "0.37699113"
              },
              "head": {
                  "posY": 4.099999904632568,
                  "posX": 0,
                  "posZ": -5.800000190734863,
                  "rotX": "0.12566370"
              },
              "leftLegUpper": {
                  "posY": 12.699999809265137,
                  "posX": 2,
                  "posZ": 0,
                  "rotX": "0.50265481"
              },
              "rightArmUpper": {
                  "posY": 4.099999904632568,
                  "posX": -5,
                  "posZ": -4.699999809265137,
                  "rotX": "1.44513267"
              }
          }
      },
      "chakraCharging2" :{
          "animDuration": -1,
          "animLength": 19,
          "locData" :{
              "rightArmUpper":{
                  "rotX": -1.375616,
                  "rotY": -0.5948606,
                  "rotZ": 0
              },
              "rightArmLower":{
                  "rotX": 0,
                  "rotY": 0,
                  "rotZ": 0
              },
              "leftArmLower":{
                  "rotX": 0,
                  "rotY": 0,
                  "rotZ": 0
              },
              "leftArmUpper":{
                  "rotX": -1.375616,
                  "rotY": 0.5948606,
                  "rotZ": 0
              }
          }
      },
      "fireBall" :{
    	  "animDuration": -1,
		  "animLength": 26,
		  "nextPose": "fireBall2",
		  "completeAction": "1210",
          "locData" :{
              "head":{
                  "rotX": 0,
                  "rotZ": 0,
                  "posX": 0,
                  "posY": 4,
                  "posZ": -9
              },
              "upperBody":{
                  "rotX": 0.7435722,
                  "rotY": 0,
                  "rotZ": 0,
                  "posX": 0,
                  "posY": 3,
                  "posZ": -6
              },
              "rightArmUpper":{
                  "rotX": -1.487144,
                  "rotY": -0.4089647,
                  "rotZ": -0.2487144,
                  "posX": -5,
                  "posY": 4,
                  "posZ": -6
              },
              "leftArmUpper":{
                  "rotX": 1.487144,
                  "rotY": 0.8589292,
                  "rotZ": 0,
                  "posX": 5,
                  "posY": 4,
                  "posZ": -6
              },
              "lowerBody":{
                  "rotX": 0.4833219,
                  "rotY": 0,
                  "rotZ": 0,
                  "posX": 0,
                  "posY": 7,
                  "posZ": -2.3
              }
          }
      },
      "fireBall2" :{
          "animDuration": -1,
          "animLength": 26,
          "nextPose": "default",
          "locData" :{
              "head":{
                  "rotX": 0,
                  "rotZ": 0,
                  "posX": 0,
                  "posY": 4,
                  "posZ": -9
              },
              "upperBody":{
                  "rotX": 0.7435722,
                  "rotY": 0,
                  "rotZ": 0,
                  "posX": 0,
                  "posY": 3,
                  "posZ": -6
              },
              "rightArmUpper":{
                  "rotX": -1.487144,
                  "rotY": 0.6089647,
                  "rotZ": -0.2487144,
                  "posX": -5,
                  "posY": 4,
                  "posZ": -6
              },
              "leftArmUpper":{
                  "rotX": 1.487144,
                  "rotY": 0.8589292,
                  "rotZ": 0,
                  "posX": 5,
                  "posY": 4,
                  "posZ": -6
              },
              "lowerBody":{
                  "rotX": 0.4833219,
                  "rotY": 0,
                  "rotZ": 0,
                  "posX": 0,
                  "posY": 7,
                  "posZ": -2.3
              }
          }
      },
	  "waterBullet" :{
		  "animDuration": -1,
		  "animLength": 26,
		  "nextPose": "waterBullet2",
		  "completeAction": "1320",
		  "locData" :{
              "head":{
                  "rotX": 0,
                  "rotZ": 0,
                  "posX": 0,
                  "posY": 4,
                  "posZ": -9
              },
              "upperBody":{
                  "rotX": 0.7435722,
                  "rotY": 0,
                  "rotZ": 0,
                  "posX": 0,
                  "posY": 3,
                  "posZ": -6
              },
              "rightArmUpper":{
                  "rotX": -1.487144,
                  "rotY": -0.4089647,
                  "rotZ": -0.2487144,
                  "posX": -5,
                  "posY": 4,
                  "posZ": -6
              },
              "leftArmUpper":{
                  "rotX": 1.487144,
                  "rotY": 0.8589292,
                  "rotZ": 0,
                  "posX": 5,
                  "posY": 4,
                  "posZ": -6
              },
              "lowerBody":{
                  "rotX": 0.4833219,
                  "rotY": 0,
                  "rotZ": 0,
                  "posX": 0,
                  "posY": 7,
                  "posZ": -2.3
              }
          }
      },
	  "waterBullet2" :{
		  "animLength": 18,
          "nextPose": "waterBullet3",
		  "locData" :{
              "head":{
                  "rotX": 0,
                  "rotZ": 0,
                  "posX": 0,
                  "posY": 4,
                  "posZ": -9
              },
              "upperBody":{
                  "rotX": 0.7435722,
                  "rotY": 0,
                  "rotZ": 0,
                  "posX": 0,
                  "posY": 3,
                  "posZ": -6
              },
              "rightArmUpper":{
                  "rotX": -1.487144,
                  "rotY": 0.6089647,
                  "rotZ": -0.2487144,
                  "posX": -5,
                  "posY": 4,
                  "posZ": -6
              },
              "leftArmUpper":{
                  "rotX": 1.487144,
                  "rotY": 0.8589292,
                  "rotZ": 0,
                  "posX": 5,
                  "posY": 4,
                  "posZ": -6
              },
              "lowerBody":{
                  "rotX": 0.4833219,
                  "rotY": 0,
                  "rotZ": 0,
                  "posX": 0,
                  "posY": 7,
                  "posZ": -2.3
              }
          }
	  },
	  "waterBullet3" :{
          "animLength": 18,
          "nextPose": "waterBullet4",
          "locData" :{
              "head":{
                  "rotX": 0,
                  "rotZ": 0,
                  "posX": 0,
                  "posY": 4,
                  "posZ": -9
              },
              "upperBody":{
                  "rotX": 0.7435722,
                  "rotY": 0,
                  "rotZ": 0,
                  "posX": 0,
                  "posY": 3,
                  "posZ": -6
              },
              "rightArmUpper":{
                  "rotX": -1.187144,
                  "rotY": 0.5089647,